[{
	"id": "3",
	"name": "Daniel Sadowski - 深红突击",
	"image": "/img/skins/music_kit-3.png"
}, {
	"id": "4",
	"name": "Noisia - 尖峰时刻",
	"image": "/img/skins/music_kit-4.png"
}, {
	"id": "5",
	"name": "Robert Allaire - 叛乱",
	"image": "/img/skins/music_kit-5.png"
}, {
	"id": "6",
	"name": "Sean Murray - A*D*8",
	"image": "/img/skins/music_kit-6.png"
}, {
	"id": "7",
	"name": "Feed Me - 如日中天",
	"image": "/img/skins/music_kit-7.png"
}, {
	"id": "8",
	"name": "Dren - 骷髅爆破",
	"image": "/img/skins/music_kit-8.png"
}, {
	"id": "9",
	"name": "Austin Wintory - 沙漠之焰",
	"image": "/img/skins/music_kit-9.png"
}, {
	"id": "10",
	"name": "Sasha - 地球末夜",
	"image": "/img/skins/music_kit-10.png"
}, {
	"id": "11",
	"name": "Skog - 金属",
	"image": "/img/skins/music_kit-11.png"
}, {
	"id": "12",
	"name": "Midnight Riders - 圣诞之欲",
	"image": "/img/skins/music_kit-12.png"
}, {
	"id": "13",
	"name": "Matt Lange - 同型节奏",
	"image": "/img/skins/music_kit-13.png"
}, {
	"id": "14",
	"name": "Mateo Messina - 无人之境",
	"image": "/img/skins/music_kit-14.png"
}, {
	"id": "15",
	"name": "Various Artists - 迈阿密热线",
	"image": "/img/skins/music_kit-15.png"
}, {
	"id": "16",
	"name": "Daniel Sadowski - 绝对统御",
	"image": "/img/skins/music_kit-16.png"
}, {
	"id": "17",
	"name": "Damjan Mravunac - 塔罗斯的法则",
	"image": "/img/skins/music_kit-17.png"
}, {
	"id": "18",
	"name": "Proxy - 万夫莫敌包",
	"image": "/img/skins/music_kit-18.png"
}, {
	"id": "19",
	"name": "Ki:Theory - 莫洛托夫烈火",
	"image": "/img/skins/music_kit-19.png"
}, {
	"id": "20",
	"name": "Troels Folmann - 超爆话筒",
	"image": "/img/skins/music_kit-20.png"
}, {
	"id": "21",
	"name": "Kelly Bailey - 有害物质环境",
	"image": "/img/skins/music_kit-21.png"
}, {
	"id": "22",
	"name": "Skog - II-爆头",
	"image": "/img/skins/music_kit-22.png"
}, {
	"id": "23",
	"name": "Daniel Sadowski - 8位音乐盒",
	"image": "/img/skins/music_kit-23.png"
}, {
	"id": "24",
	"name": "AWOLNATION - 就是我",
	"image": "/img/skins/music_kit-24.png"
}, {
	"id": "25",
	"name": "Mord Fustang - 永恒之钻",
	"image": "/img/skins/music_kit-25.png"
}, {
	"id": "26",
	"name": "Michael Bross - 大举入侵！",
	"image": "/img/skins/music_kit-26.png"
}, {
	"id": "27",
	"name": "Ian Hultquist - 雄狮之口",
	"image": "/img/skins/music_kit-27.png"
}, {
	"id": "28",
	"name": "New Beat Fund - 海绵手指",
	"image": "/img/skins/music_kit-28.png"
}, {
	"id": "29",
	"name": "Beartooth - 令人发指",
	"image": "/img/skins/music_kit-29.png"
}, {
	"id": "30",
	"name": "Lennie Moore - 爪哇哈瓦那放克乐",
	"image": "/img/skins/music_kit-30.png"
}, {
	"id": "31",
	"name": "Darude - CSGO精彩时刻",
	"image": "/img/skins/music_kit-31.png"
}, {
	"id": "32",
	"name": "Beartooth - 咄咄逼人",
	"image": "/img/skins/music_kit-32.png"
}, {
	"id": "33",
	"name": "Blitz Kids - 有为青年",
	"image": "/img/skins/music_kit-33.png"
}, {
	"id": "34",
	"name": "Hundredth - 冲破藩篱",
	"image": "/img/skins/music_kit-34.png"
}, {
	"id": "35",
	"name": "Neck Deep - 人生何处不青山",
	"image": "/img/skins/music_kit-35.png"
}, {
	"id": "36",
	"name": "Roam - 决心",
	"image": "/img/skins/music_kit-36.png"
}, {
	"id": "37",
	"name": "Twin Atlantic - GLA",
	"image": "/img/skins/music_kit-37.png"
}, {
	"id": "38",
	"name": "Skog - III-竞技场",
	"image": "/img/skins/music_kit-38.png"
}, {
	"id": "39",
	"name": "The Verkkars - EZ4ENCE",
	"image": "/img/skins/music_kit-39.png"
}, {
	"id": "40",
	"name": "光环收藏品",
	"image": "/img/skins/music_kit-40.png"
}, {
	"id": "41",
	"name": "Scarlxrd: 疤王",
	"image": "/img/skins/music_kit-41.png"
}, {
	"id": "42",
	"name": "半衰期:爱莉克斯",
	"image": "/img/skins/music_kit-42.png"
}, {
	"id": "43",
	"name": "Austin Wintory - 巴克拉姆",
	"image": "/img/skins/music_kit-43.png"
}, {
	"id": "44",
	"name": "Dren - 枪手的卷饼卡车",
	"image": "/img/skins/music_kit-44.png"
}, {
	"id": "45",
	"name": "Daniel Sadowski - 巨龙之眼",
	"image": "/img/skins/music_kit-45.png"
}, {
	"id": "46",
	"name": "Tree Adams 和 Ben Bromfield - M.U.D.D. 军团",
	"image": "/img/skins/music_kit-46.png"
}, {
	"id": "47",
	"name": "Tim Huling - 新黑色电影",
	"image": "/img/skins/music_kit-47.png"
}, {
	"id": "48",
	"name": "Sam Marshall - 大胆尝试",
	"image": "/img/skins/music_kit-48.png"
}, {
	"id": "49",
	"name": "Matt Levine - 漂泊者",
	"image": "/img/skins/music_kit-49.png"
}, {
	"id": "50",
	"name": "Amon Tobin - 尘归尘",
	"image": "/img/skins/music_kit-50.png"
}, {
	"id": "51",
	"name": "Darren Korb - Hades Music Kit",
	"image": "/img/skins/music_kit-51.png"
}, {
	"id": "52",
	"name": "Neck Deep - 躺平青年",
	"image": "/img/skins/music_kit-52.png"
}, {
	"id": "53",
	"name": "Scarlxrd - 电锯·追命",
	"image": "/img/skins/music_kit-53.png"
}, {
	"id": "54",
	"name": "Austin Wintory - 咖啡拉花",
	"image": "/img/skins/music_kit-54.png"
}, {
	"id": "55",
	"name": "Chipzel - 黄色魔法",
	"image": "/img/skins/music_kit-55.png"
}, {
	"id": "56",
	"name": "Freaky DNA - 征服",
	"image": "/img/skins/music_kit-56.png"
}, {
	"id": "57",
	"name": "Jesse Harlin - 战火星空",
	"image": "/img/skins/music_kit-57.png"
}, {
	"id": "58",
	"name": "Laura Shigihara - 好好干，好好活",
	"image": "/img/skins/music_kit-58.png"
}, {
	"id": "59",
	"name": "Sarah Schachner - 蜂鸟",
	"image": "/img/skins/music_kit-59.png"
}, {
	"id": "60",
	"name": "bbno$ - 你急了!",
	"image": "/img/skins/music_kit-60.png"
}, {
	"id": "61",
	"name": "The Verkkars & n0thing - 闪光舞",
	"image": "/img/skins/music_kit-61.png"
}, {
	"id": "62",
	"name": "3kliksphilip - 追溯起源",
	"image": "/img/skins/music_kit-62.png"
}, {
	"id": "63",
	"name": "Humanity's Last Breath - 虚空",
	"image": "/img/skins/music_kit-63.png"
}, {
	"id": "64",
	"name": "Juelz - 神枪手",
	"image": "/img/skins/music_kit-64.png"
}, {
	"id": "65",
	"name": "Knock2 - 冲击星*",
	"image": "/img/skins/music_kit-65.png"
}, {
	"id": "66",
	"name": "Meechy Darko - 哥特浮华",
	"image": "/img/skins/music_kit-66.png"
}, {
	"id": "67",
	"name": "Sullivan King - 困兽",
	"image": "/img/skins/music_kit-67.png"
}, {
	"id": "68",
	"name": "Perfect World, 花脸 Hua Lian (Painted Face)",
	"image": "/img/skins/music_kit-68.png"
}, {
	"id": "69",
	"name": "Denzel Curry - 终极",
	"image": "/img/skins/music_kit-69.png"
}, {
	"id": "71",
	"name": "DRYDEN - 触摸能量",
	"image": "/img/skins/music_kit-71.png"
}, {
	"id": "72",
	"name": "ISOxo - 非人类",
	"image": "/img/skins/music_kit-72.png"
}, {
	"id": "73",
	"name": "KILL SCRIPT - 通宵达旦",
	"image": "/img/skins/music_kit-73.png"
}, {
	"id": "74",
	"name": "Knock2 - 燥起来！",
	"image": "/img/skins/music_kit-74.png"
}, {
	"id": "75",
	"name": "Rad Cat - 理由",
	"image": "/img/skins/music_kit-75.png"
}, {
	"id": "76",
	"name": "TWERL, Ekko & Sidetrack - 万众瞩目",
	"image": "/img/skins/music_kit-76.png"
}]